year,average,median
1996,7.788990826,2
2000,8.550458716,3
2004,8.596330275,3
2008,8.862385321,3
2012,8.752293578,2
